Cologne	50.938361	6.959974	Max	max@example.com	avatar-max.jpg	regular	Canal View Prinsengracht	This stylish apartment is located in the heart of the city. The apartment is spacious, light and fully equipped. It has a great location with a lot of shops, restaurants and bars in a walking distance.	I stayed here for one night and it was an unpleasant experience.|This villa is perfect in every way: the view on mountains and waterfalls, the hot tub and the villa itself. The evening here became a great continuation of our journeys over country.	3|4	offer-12.jpg	offer-12.jpg|offer-17.jpg|offer-10.jpg|offer-19.jpg|offer-6.jpg|offer-18.jpg	false	false	3	apartment	3	2	663617	Cable TV|Heating|Kitchen|Washing machine	50.972137000000004	6.948758
Paris	48.85661	2.351499	Max	max@example.com	avatar-max.jpg	regular	Perfectly located Castro	Discover daily local life in city center, friendly neighborhood, clandestine casino, karaoke, old-style artisans, art gallery and artist studio downstairs.	I stayed here for one night and it was an unpleasant experience.|This villa is perfect in every way: the view on mountains and waterfalls, the hot tub and the villa itself. The evening here became a great continuation of our journeys over country.	3|4	offer-9.jpg	offer-9.jpg|offer-2.jpg|offer-9.jpg|offer-18.jpg|offer-2.jpg|offer-7.jpg	true	true	3.5	room	2	2	793925	Towels|Fridge|Baby seat|Dishwasher|Wi-Fi|Cable TV|Heating|Kitchen|Washing machine	48.837434	2.363557
Amsterdam	52.37454	4.897976	Angelina	angelina@example.com	avatar-angelina.jpg	pro	Loft Studio in the Central Area	I rent out a very sunny and bright apartment only 7 minutes walking distance to the metro station. The apartment has a spacious living room with a kitchen, one bedroom and a bathroom with mit bath. A terrace can be used in summer.	We loved it so much, the house, the view, the location just great.. Highly recommend :)|I stayed here for one night and it was an unpleasant experience.|This villa is perfect in every way: the view on mountains and waterfalls, the hot tub and the villa itself. The evening here became a great continuation of our journeys over country.	3|5|2	offer-19.jpg	offer-19.jpg|offer-13.jpg|offer-16.jpg|offer-19.jpg|offer-5.jpg|offer-19.jpg	false	false	4	room	1	4	908644	Baby seat|Dishwasher|Wi-Fi|Cable TV|Heating|Kitchen|Washing machine	52.338003	4.9100459999999995
Amsterdam	52.37454	4.897976	Max	max@example.com	avatar-max.jpg	pro	Unique, cozy, and stylish house	Relax, rejuvenate and unplug in this ultimate rustic getaway experience in the country. In our beautiful screened Pondhouse, you can gaze at the stars and listen to the sounds of nature from your cozy warm bed.	The deluxe room was a quite comfortable one with all the adequate facilities. The only thing that made me feel uncomfortable was the	4	offer-17.jpg	offer-17.jpg|offer-13.jpg|offer-8.jpg|offer-17.jpg|offer-13.jpg|offer-11.jpg	false	true	1.9	apartment	2	3	368474	Cable TV|Heating|Kitchen|Washing machine	52.350541	4.931789
Brussels	50.846557	4.351697	Angelina	angelina@example.com	avatar-angelina.jpg	pro	The Joshua Tree House	Discover daily local life in city center, friendly neighborhood, clandestine casino, karaoke, old-style artisans, art gallery and artist studio downstairs.	The deluxe room was a quite comfortable one with all the adequate facilities. The only thing that made me feel uncomfortable was the|Home is amazing. It's like staying in a museum. The rooms, furnishings and artworks are incredible. The views of My Vesuvius	3|3	offer-8.jpg	offer-8.jpg|offer-4.jpg|offer-15.jpg|offer-20.jpg|offer-15.jpg|offer-18.jpg	false	true	3	room	3	4	495142	Breakfast|Air conditioning|Laptop friendly workspace	50.844618999999994	4.369879999999999
Amsterdam	52.37454	4.897976	Angelina	angelina@example.com	avatar-angelina.jpg	regular	Unique, cozy, and stylish house	I rent out a very sunny and bright apartment only 7 minutes walking distance to the metro station. The apartment has a spacious living room with a kitchen, one bedroom and a bathroom with mit bath. A terrace can be used in summer.	The deluxe room was a quite comfortable one with all the adequate facilities. The only thing that made me feel uncomfortable was the|Home is amazing. It's like staying in a museum. The rooms, furnishings and artworks are incredible. The views of My Vesuvius|We loved it so much, the house, the view, the location just great.. Highly recommend :)	4|4|5	offer-15.jpg	offer-15.jpg|offer-16.jpg|offer-14.jpg|offer-9.jpg|offer-8.jpg|offer-6.jpg	false	true	4	house	2	2	39972	Baby seat|Dishwasher|Wi-Fi|Cable TV|Heating|Kitchen|Washing machine	52.374993	4.874274
Hamburg	53.550341	10.000654	Angelina	angelina@example.com	avatar-angelina.jpg	regular	Beautiful & luxurious apartment at great location	This stylish apartment is located in the heart of the city. The apartment is spacious, light and fully equipped. It has a great location with a lot of shops, restaurants and bars in a walking distance.	The house is very good, very happy, hygienic and simple living conditions around it are also very good. I hope to have the opportunity|The deluxe room was a quite comfortable one with all the adequate facilities. The only thing that made me feel uncomfortable was the	3|4	offer-11.jpg	offer-11.jpg|offer-12.jpg|offer-2.jpg|offer-8.jpg|offer-4.jpg|offer-18.jpg	true	false	1.6	room	3	2	77705	Towels|Fridge|Baby seat|Dishwasher|Wi-Fi|Cable TV	53.579475	10.004420000000001
Paris	48.85661	2.351499	Angelina	angelina@example.com	avatar-angelina.jpg	pro	Loft Studio in the Central Area	I rent out a very sunny and bright apartment only 7 minutes walking distance to the metro station. The apartment has a spacious living room with a kitchen, one bedroom and a bathroom with mit bath. A terrace can be used in summer.	Home is amazing. It's like staying in a museum. The rooms, furnishings and artworks are incredible. The views of My Vesuvius|We loved it so much, the house, the view, the location just great.. Highly recommend :)|I stayed here for one night and it was an unpleasant experience.|This villa is perfect in every way: the view on mountains and waterfalls, the hot tub and the villa itself. The evening here became a great continuation of our journeys over country.	3|5|3|4	offer-10.jpg	offer-10.jpg|offer-13.jpg|offer-15.jpg|offer-17.jpg|offer-13.jpg|offer-18.jpg	false	false	2.2	house	1	4	368251	Towels|Fridge|Baby seat|Dishwasher|Wi-Fi|Cable TV|Heating|Kitchen|Washing machine	48.863784	2.370426
Dusseldorf	51.225402	6.776314	Max	max@example.com	avatar-max.jpg	pro	The Joshua Tree House	Discover daily local life in city center, friendly neighborhood, clandestine casino, karaoke, old-style artisans, art gallery and artist studio downstairs.	This villa is perfect in every way: the view on mountains and waterfalls, the hot tub and the villa itself. The evening here became a great continuation of our journeys over country.	4	offer-15.jpg	offer-15.jpg|offer-3.jpg|offer-4.jpg|offer-13.jpg|offer-4.jpg|offer-13.jpg	true	true	4.3	house	2	3	448964	Laptop friendly workspace|Washer|Towels|Fridge|Baby seat|Dishwasher|Wi-Fi|Cable TV|Heating|Kitchen|Washing machine	51.26194	6.746106
Brussels	50.846557	4.351697	Angelina	angelina@example.com	avatar-angelina.jpg	pro	Unique, cozy, and stylish house	Relax, rejuvenate and unplug in this ultimate rustic getaway experience in the country. In our beautiful screened Pondhouse, you can gaze at the stars and listen to the sounds of nature from your cozy warm bed.	We loved it so much, the house, the view, the location just great.. Highly recommend :)|I stayed here for one night and it was an unpleasant experience.|This villa is perfect in every way: the view on mountains and waterfalls, the hot tub and the villa itself. The evening here became a great continuation of our journeys over country.	3|3|1	offer-20.jpg	offer-20.jpg|offer-15.jpg|offer-11.jpg|offer-10.jpg|offer-5.jpg|offer-11.jpg	true	false	2.5	hotel	2	1	924441	Breakfast|Air conditioning|Laptop friendly workspace|Washer|Towels|Fridge|Baby seat|Dishwasher|Wi-Fi|Cable TV	50.815186	4.330267999999999
Brussels	50.846557	4.351697	Angelina	angelina@example.com	avatar-angelina.jpg	regular	The Pondhouse - A Magical Place	This is a place for dreamers to reset, reflect, and create. Designed with a 'slow' pace in mind, our hope is that you enjoy every part of your stay; from making local coffee by drip in the morning, choosing the perfect record to put on as the sun sets.	The deluxe room was a quite comfortable one with all the adequate facilities. The only thing that made me feel uncomfortable was the|Home is amazing. It's like staying in a museum. The rooms, furnishings and artworks are incredible. The views of My Vesuvius|We loved it so much, the house, the view, the location just great.. Highly recommend :)|I stayed here for one night and it was an unpleasant experience.|This villa is perfect in every way: the view on mountains and waterfalls, the hot tub and the villa itself. The evening here became a great continuation of our journeys over country.	1|3|4|2|1	offer-14.jpg	offer-14.jpg|offer-3.jpg|offer-2.jpg|offer-7.jpg|offer-9.jpg|offer-10.jpg	false	true	1.1	room	1	2	963909	Laptop friendly workspace|Washer|Towels|Fridge|Baby seat|Dishwasher|Wi-Fi|Cable TV|Heating|Kitchen|Washing machine	50.833088999999994	4.337973
Brussels	50.846557	4.351697	Angelina	angelina@example.com	avatar-angelina.jpg	regular	Perfectly located Castro	This beautiful house is located in the heart of the city. The house is spacious, light and fully equipped. It has a great location with a lot of shops, restaurants and bars in a walking distance.	The deluxe room was a quite comfortable one with all the adequate facilities. The only thing that made me feel uncomfortable was the|Home is amazing. It's like staying in a museum. The rooms, furnishings and artworks are incredible. The views of My Vesuvius	4|5	offer-12.jpg	offer-12.jpg|offer-18.jpg|offer-14.jpg|offer-15.jpg|offer-2.jpg|offer-13.jpg	true	true	2.8	house	2	1	887155	Fridge|Baby seat|Dishwasher|Wi-Fi|Cable TV|Heating|Kitchen|Washing machine	50.846781	4.322172999999999
Hamburg	53.550341	10.000654	Angelina	angelina@example.com	avatar-angelina.jpg	regular	Perfectly located Castro	This is a place for dreamers to reset, reflect, and create. Designed with a 'slow' pace in mind, our hope is that you enjoy every part of your stay; from making local coffee by drip in the morning, choosing the perfect record to put on as the sun sets.	The deluxe room was a quite comfortable one with all the adequate facilities. The only thing that made me feel uncomfortable was the|Home is amazing. It's like staying in a museum. The rooms, furnishings and artworks are incredible. The views of My Vesuvius|We loved it so much, the house, the view, the location just great.. Highly recommend :)	2|2|2	offer-16.jpg	offer-16.jpg|offer-3.jpg|offer-5.jpg|offer-5.jpg|offer-10.jpg|offer-12.jpg	false	false	5	hotel	2	3	402835	Dishwasher|Wi-Fi|Cable TV|Heating|Kitchen|Washing machine	53.565716	10.002602000000001
Amsterdam	52.37454	4.897976	Angelina	angelina@example.com	avatar-angelina.jpg	pro	The Pondhouse - A Magical Place	This stylish apartment is located in the heart of the city. The apartment is spacious, light and fully equipped. It has a great location with a lot of shops, restaurants and bars in a walking distance.	We loved it so much, the house, the view, the location just great.. Highly recommend :)|I stayed here for one night and it was an unpleasant experience.|This villa is perfect in every way: the view on mountains and waterfalls, the hot tub and the villa itself. The evening here became a great continuation of our journeys over country.	4|5|1	offer-1.jpg	offer-1.jpg|offer-2.jpg|offer-15.jpg|offer-10.jpg|offer-2.jpg|offer-3.jpg	false	false	4.4	house	1	5	658638	Air conditioning|Laptop friendly workspace|Washer|Towels|Fridge|Baby seat|Dishwasher|Wi-Fi	52.336692000000006	4.873798
Hamburg	53.550341	10.000654	Angelina	angelina@example.com	avatar-angelina.jpg	pro	Waterfront with extraordinary view	This beautiful house is located in the heart of the city. The house is spacious, light and fully equipped. It has a great location with a lot of shops, restaurants and bars in a walking distance.	We loved it so much, the house, the view, the location just great.. Highly recommend :)|I stayed here for one night and it was an unpleasant experience.|This villa is perfect in every way: the view on mountains and waterfalls, the hot tub and the villa itself. The evening here became a great continuation of our journeys over country.	3|4|4	offer-20.jpg	offer-20.jpg|offer-3.jpg|offer-13.jpg|offer-16.jpg|offer-2.jpg|offer-6.jpg	true	false	1.9	room	5	1	560297	Air conditioning|Laptop friendly workspace|Washer|Towels|Fridge|Baby seat|Dishwasher	53.533124	10.023555
Paris	48.85661	2.351499	Max	max@example.com	avatar-max.jpg	regular	The Pondhouse - A Magical Place	This beautiful house is located in the heart of the city. The house is spacious, light and fully equipped. It has a great location with a lot of shops, restaurants and bars in a walking distance.	We loved it so much, the house, the view, the location just great.. Highly recommend :)|I stayed here for one night and it was an unpleasant experience.|This villa is perfect in every way: the view on mountains and waterfalls, the hot tub and the villa itself. The evening here became a great continuation of our journeys over country.	1|2|4	offer-13.jpg	offer-13.jpg|offer-11.jpg|offer-10.jpg|offer-16.jpg|offer-7.jpg|offer-3.jpg	false	false	2.2	room	3	1	476332	Baby seat|Dishwasher|Wi-Fi|Cable TV|Heating|Kitchen|Washing machine	48.872451000000005	2.335615
Amsterdam	52.37454	4.897976	Max	max@example.com	avatar-max.jpg	regular	Unique, cozy, and stylish house	This is a place for dreamers to reset, reflect, and create. Designed with a 'slow' pace in mind, our hope is that you enjoy every part of your stay; from making local coffee by drip in the morning, choosing the perfect record to put on as the sun sets.	I stayed here for one night and it was an unpleasant experience.|This villa is perfect in every way: the view on mountains and waterfalls, the hot tub and the villa itself. The evening here became a great continuation of our journeys over country.	1|4	offer-11.jpg	offer-11.jpg|offer-20.jpg|offer-10.jpg|offer-16.jpg|offer-1.jpg|offer-10.jpg	true	false	3.6	hotel	3	5	861882	Air conditioning|Laptop friendly workspace|Washer|Towels|Fridge|Baby seat|Dishwasher|Wi-Fi|Cable TV|Heating|Kitchen|Washing machine	52.338336000000005	4.915984
Amsterdam	52.37454	4.897976	Max	max@example.com	avatar-max.jpg	pro	Unique, cozy, and stylish house	This beautiful house is located in the heart of the city. The house is spacious, light and fully equipped. It has a great location with a lot of shops, restaurants and bars in a walking distance.	The deluxe room was a quite comfortable one with all the adequate facilities. The only thing that made me feel uncomfortable was the|Home is amazing. It's like staying in a museum. The rooms, furnishings and artworks are incredible. The views of My Vesuvius	3|3	offer-7.jpg	offer-7.jpg|offer-6.jpg|offer-2.jpg|offer-19.jpg|offer-8.jpg|offer-9.jpg	true	true	1.9	hotel	2	2	477744	Wi-Fi|Cable TV|Heating|Kitchen|Washing machine	52.394919	4.9361239999999995
Cologne	50.938361	6.959974	Angelina	angelina@example.com	avatar-angelina.jpg	pro	Canal View Prinsengracht	This stylish apartment is located in the heart of the city. The apartment is spacious, light and fully equipped. It has a great location with a lot of shops, restaurants and bars in a walking distance.	Home is amazing. It's like staying in a museum. The rooms, furnishings and artworks are incredible. The views of My Vesuvius|We loved it so much, the house, the view, the location just great.. Highly recommend :)|I stayed here for one night and it was an unpleasant experience.|This villa is perfect in every way: the view on mountains and waterfalls, the hot tub and the villa itself. The evening here became a great continuation of our journeys over country.	1|5|4|3	offer-9.jpg	offer-9.jpg|offer-8.jpg|offer-7.jpg|offer-6.jpg|offer-18.jpg|offer-8.jpg	true	false	1.7	house	2	2	782625	Laptop friendly workspace|Washer|Towels|Fridge|Baby seat|Dishwasher	50.929545	6.983407
Hamburg	53.550341	10.000654	Angelina	angelina@example.com	avatar-angelina.jpg	pro	The Joshua Tree House	I rent out a very sunny and bright apartment only 7 minutes walking distance to the metro station. The apartment has a spacious living room with a kitchen, one bedroom and a bathroom with mit bath. A terrace can be used in summer.	Home is amazing. It's like staying in a museum. The rooms, furnishings and artworks are incredible. The views of My Vesuvius|We loved it so much, the house, the view, the location just great.. Highly recommend :)|I stayed here for one night and it was an unpleasant experience.	5|2|2	offer-15.jpg	offer-15.jpg|offer-4.jpg|offer-4.jpg|offer-20.jpg|offer-11.jpg|offer-15.jpg	false	true	4.4	room	3	1	999672	Kitchen|Washing machine	53.572719000000006	9.992999000000001
Brussels	50.846557	4.351697	Angelina	angelina@example.com	avatar-angelina.jpg	pro	Loft Studio in the Central Area	This is a place for dreamers to reset, reflect, and create. Designed with a 'slow' pace in mind, our hope is that you enjoy every part of your stay; from making local coffee by drip in the morning, choosing the perfect record to put on as the sun sets.	I stayed here for one night and it was an unpleasant experience.|This villa is perfect in every way: the view on mountains and waterfalls, the hot tub and the villa itself. The evening here became a great continuation of our journeys over country.	5|3	offer-14.jpg	offer-14.jpg|offer-10.jpg|offer-15.jpg|offer-10.jpg|offer-18.jpg|offer-17.jpg	true	false	3.4	house	4	3	623257	Heating|Kitchen|Washing machine	50.842082	4.387135
Hamburg	53.550341	10.000654	Angelina	angelina@example.com	avatar-angelina.jpg	pro	Beautiful & luxurious apartment at great location	This beautiful house is located in the heart of the city. The house is spacious, light and fully equipped. It has a great location with a lot of shops, restaurants and bars in a walking distance.	The house is very good, very happy, hygienic and simple living conditions around it are also very good. I hope to have the opportunity|The deluxe room was a quite comfortable one with all the adequate facilities. The only thing that made me feel uncomfortable was the|Home is amazing. It's like staying in a museum. The rooms, furnishings and artworks are incredible. The views of My Vesuvius|We loved it so much, the house, the view, the location just great.. Highly recommend :)|I stayed here for one night and it was an unpleasant experience.	3|2|1|2|3	offer-4.jpg	offer-4.jpg|offer-7.jpg|offer-7.jpg|offer-5.jpg|offer-11.jpg|offer-3.jpg	false	true	2.3	room	2	2	757173	Wi-Fi|Cable TV|Heating|Kitchen|Washing machine	53.586563000000005	9.972372
Amsterdam	52.37454	4.897976	Max	max@example.com	avatar-max.jpg	pro	Cozy, clean, and stylish place in the heart of the city	This beautiful apartment is located in the heart of the city. The apartment is spacious, light and fully equipped. It has a great location with a lot of shops, restaurants and bars in a walking distance.	The deluxe room was a quite comfortable one with all the adequate facilities. The only thing that made me feel uncomfortable was the|Home is amazing. It's like staying in a museum. The rooms, furnishings and artworks are incredible. The views of My Vesuvius|We loved it so much, the house, the view, the location just great.. Highly recommend :)|I stayed here for one night and it was an unpleasant experience.	2|2|2|5	offer-18.jpg	offer-18.jpg|offer-13.jpg|offer-9.jpg|offer-20.jpg|offer-3.jpg|offer-2.jpg	true	false	4	house	1	4	765678	Washer|Towels|Fridge|Baby seat|Dishwasher|Wi-Fi	52.378888	4.90389
Brussels	50.846557	4.351697	Max	max@example.com	avatar-max.jpg	regular	Loft Studio in the Central Area	Peaceful studio in the most wanted area in town. Quiet house Near of everything. Completely renovated. Lovely neighbourhood, lot of trendy shops, restaurants and bars in a walking distance.	Home is amazing. It's like staying in a museum. The rooms, furnishings and artworks are incredible. The views of My Vesuvius|We loved it so much, the house, the view, the location just great.. Highly recommend :)|I stayed here for one night and it was an unpleasant experience.|This villa is perfect in every way: the view on mountains and waterfalls, the hot tub and the villa itself. The evening here became a great continuation of our journeys over country.	5|5|3|3	offer-13.jpg	offer-13.jpg|offer-9.jpg|offer-7.jpg|offer-19.jpg|offer-10.jpg|offer-19.jpg	false	false	4.7	room	5	3	809869	Laptop friendly workspace|Washer|Towels|Fridge|Baby seat|Dishwasher	50.856182999999994	4.348071
Hamburg	53.550341	10.000654	Max	max@example.com	avatar-max.jpg	pro	Waterfront with extraordinary view	This beautiful house is located in the heart of the city. The house is spacious, light and fully equipped. It has a great location with a lot of shops, restaurants and bars in a walking distance.	I stayed here for one night and it was an unpleasant experience.|This villa is perfect in every way: the view on mountains and waterfalls, the hot tub and the villa itself. The evening here became a great continuation of our journeys over country.	3|1	offer-14.jpg	offer-14.jpg|offer-10.jpg|offer-4.jpg|offer-2.jpg|offer-14.jpg|offer-6.jpg	true	true	2.6	room	1	4	439951	Air conditioning|Laptop friendly workspace|Washer|Towels|Fridge|Baby seat|Dishwasher|Wi-Fi	53.581292000000005	9.965396
Paris	48.85661	2.351499	Max	max@example.com	avatar-max.jpg	pro	Cozy, clean, and stylish place in the heart of the city	I rent out a very sunny and bright apartment only 7 minutes walking distance to the metro station. The apartment has a spacious living room with a kitchen, one bedroom and a bathroom with mit bath. A terrace can be used in summer.	Home is amazing. It's like staying in a museum. The rooms, furnishings and artworks are incredible. The views of My Vesuvius|We loved it so much, the house, the view, the location just great.. Highly recommend :)	3|1	offer-6.jpg	offer-6.jpg|offer-5.jpg|offer-1.jpg|offer-5.jpg|offer-10.jpg|offer-4.jpg	false	true	1.1	house	4	3	495504	Towels|Fridge|Baby seat|Dishwasher|Wi-Fi|Cable TV|Heating|Kitchen|Washing machine	48.838001000000006	2.355816
Brussels	50.846557	4.351697	Max	max@example.com	avatar-max.jpg	pro	Beautiful & luxurious apartment at great location	This is a place for dreamers to reset, reflect, and create. Designed with a 'slow' pace in mind, our hope is that you enjoy every part of your stay; from making local coffee by drip in the morning, choosing the perfect record to put on as the sun sets.	This villa is perfect in every way: the view on mountains and waterfalls, the hot tub and the villa itself. The evening here became a great continuation of our journeys over country.	4	offer-13.jpg	offer-13.jpg|offer-13.jpg|offer-9.jpg|offer-16.jpg|offer-19.jpg|offer-13.jpg	false	false	2.3	house	4	5	442997	Towels|Fridge|Baby seat|Dishwasher|Wi-Fi|Cable TV|Heating|Kitchen	50.882366	4.35033
Cologne	50.938361	6.959974	Max	max@example.com	avatar-max.jpg	regular	Waterfront with extraordinary view	I rent out a very sunny and bright apartment only 7 minutes walking distance to the metro station. The apartment has a spacious living room with a kitchen, one bedroom and a bathroom with mit bath. A terrace can be used in summer.	I stayed here for one night and it was an unpleasant experience.|This villa is perfect in every way: the view on mountains and waterfalls, the hot tub and the villa itself. The evening here became a great continuation of our journeys over country.	4|2	offer-6.jpg	offer-6.jpg|offer-10.jpg|offer-6.jpg|offer-5.jpg|offer-11.jpg|offer-7.jpg	false	false	3.5	house	2	4	593686	Laptop friendly workspace|Washer|Towels|Fridge|Baby seat|Dishwasher|Wi-Fi|Cable TV|Heating|Kitchen|Washing machine	50.900897	6.993888
Cologne	50.938361	6.959974	Max	max@example.com	avatar-max.jpg	regular	Penthouse, 4-5 rooms + 5 balconies	Relax, rejuvenate and unplug in this ultimate rustic getaway experience in the country. In our beautiful screened Pondhouse, you can gaze at the stars and listen to the sounds of nature from your cozy warm bed.	The deluxe room was a quite comfortable one with all the adequate facilities. The only thing that made me feel uncomfortable was the|Home is amazing. It's like staying in a museum. The rooms, furnishings and artworks are incredible. The views of My Vesuvius|We loved it so much, the house, the view, the location just great.. Highly recommend :)|I stayed here for one night and it was an unpleasant experience.	2|2|5|2	offer-2.jpg	offer-2.jpg|offer-13.jpg|offer-6.jpg|offer-6.jpg|offer-18.jpg|offer-16.jpg	false	false	1.8	room	2	2	371439	Dishwasher|Wi-Fi|Cable TV|Heating|Kitchen|Washing machine	50.963193000000004	6.9704
Amsterdam	52.37454	4.897976	Max	max@example.com	avatar-max.jpg	pro	Perfectly located Castro	I rent out a very sunny and bright apartment only 7 minutes walking distance to the metro station. The apartment has a spacious living room with a kitchen, one bedroom and a bathroom with mit bath. A terrace can be used in summer.	The deluxe room was a quite comfortable one with all the adequate facilities. The only thing that made me feel uncomfortable was the|Home is amazing. It's like staying in a museum. The rooms, furnishings and artworks are incredible. The views of My Vesuvius	4|1	offer-13.jpg	offer-13.jpg|offer-10.jpg|offer-1.jpg|offer-18.jpg|offer-19.jpg|offer-6.jpg	true	true	2.7	house	4	5	485775	Breakfast|Air conditioning|Laptop friendly workspace|Washer|Towels|Fridge|Baby seat|Dishwasher|Wi-Fi	52.378801	4.931848
Cologne	50.938361	6.959974	Max	max@example.com	avatar-max.jpg	regular	Canal View Prinsengracht	Discover daily local life in city center, friendly neighborhood, clandestine casino, karaoke, old-style artisans, art gallery and artist studio downstairs.	The deluxe room was a quite comfortable one with all the adequate facilities. The only thing that made me feel uncomfortable was the|Home is amazing. It's like staying in a museum. The rooms, furnishings and artworks are incredible. The views of My Vesuvius|We loved it so much, the house, the view, the location just great.. Highly recommend :)|I stayed here for one night and it was an unpleasant experience.	5|3|2|4	offer-10.jpg	offer-10.jpg|offer-12.jpg|offer-11.jpg|offer-5.jpg|offer-7.jpg|offer-9.jpg	false	false	4.5	room	3	2	93283	Laptop friendly workspace|Washer|Towels|Fridge	50.902852	6.984985
Cologne	50.938361	6.959974	Angelina	angelina@example.com	avatar-angelina.jpg	regular	Waterfront with extraordinary view	Discover daily local life in city center, friendly neighborhood, clandestine casino, karaoke, old-style artisans, art gallery and artist studio downstairs.	Home is amazing. It's like staying in a museum. The rooms, furnishings and artworks are incredible. The views of My Vesuvius|We loved it so much, the house, the view, the location just great.. Highly recommend :)|I stayed here for one night and it was an unpleasant experience.	1|3|4	offer-12.jpg	offer-12.jpg|offer-19.jpg|offer-1.jpg|offer-6.jpg|offer-13.jpg|offer-9.jpg	false	false	2.2	house	3	2	813872	Washing machine	50.974104	6.92029
Brussels	50.846557	4.351697	Max	max@example.com	avatar-max.jpg	regular	The Joshua Tree House	This beautiful house is located in the heart of the city. The house is spacious, light and fully equipped. It has a great location with a lot of shops, restaurants and bars in a walking distance.	The house is very good, very happy, hygienic and simple living conditions around it are also very good. I hope to have the opportunity	2	offer-12.jpg	offer-12.jpg|offer-9.jpg|offer-14.jpg|offer-15.jpg|offer-4.jpg|offer-7.jpg	false	true	4.8	room	2	4	133488	Air conditioning|Laptop friendly workspace|Washer|Towels|Fridge	50.817237999999996	4.333601
Hamburg	53.550341	10.000654	Max	max@example.com	avatar-max.jpg	pro	Cozy, clean, and stylish place in the heart of the city	Discover daily local life in city center, friendly neighborhood, clandestine casino, karaoke, old-style artisans, art gallery and artist studio downstairs.	The deluxe room was a quite comfortable one with all the adequate facilities. The only thing that made me feel uncomfortable was the	3	offer-11.jpg	offer-11.jpg|offer-3.jpg|offer-5.jpg|offer-10.jpg|offer-15.jpg|offer-17.jpg	false	true	4.1	room	2	2	589535	Wi-Fi|Cable TV|Heating|Kitchen|Washing machine	53.527163	10.028721
Amsterdam	52.37454	4.897976	Max	max@example.com	avatar-max.jpg	regular	The Pondhouse - A Magical Place	Discover daily local life in city center, friendly neighborhood, clandestine casino, karaoke, old-style artisans, art gallery and artist studio downstairs.	The deluxe room was a quite comfortable one with all the adequate facilities. The only thing that made me feel uncomfortable was the|Home is amazing. It's like staying in a museum. The rooms, furnishings and artworks are incredible. The views of My Vesuvius|We loved it so much, the house, the view, the location just great.. Highly recommend :)|I stayed here for one night and it was an unpleasant experience.	5|2|4|1	offer-10.jpg	offer-10.jpg|offer-1.jpg|offer-15.jpg|offer-3.jpg|offer-19.jpg|offer-11.jpg	false	true	3.8	room	3	4	374771	Washer|Towels|Fridge|Baby seat|Dishwasher|Wi-Fi|Cable TV|Heating|Kitchen	52.368821000000004	4.870819
Brussels	50.846557	4.351697	Max	max@example.com	avatar-max.jpg	pro	The Pondhouse - A Magical Place	This stylish apartment is located in the heart of the city. The apartment is spacious, light and fully equipped. It has a great location with a lot of shops, restaurants and bars in a walking distance.	Home is amazing. It's like staying in a museum. The rooms, furnishings and artworks are incredible. The views of My Vesuvius|We loved it so much, the house, the view, the location just great.. Highly recommend :)|I stayed here for one night and it was an unpleasant experience.|This villa is perfect in every way: the view on mountains and waterfalls, the hot tub and the villa itself. The evening here became a great continuation of our journeys over country.	4|2|3|3	offer-8.jpg	offer-8.jpg|offer-3.jpg|offer-19.jpg|offer-10.jpg|offer-16.jpg|offer-3.jpg	false	true	4.8	apartment	1	3	192180	Cable TV|Heating|Kitchen|Washing machine	50.860428	4.333768999999999
Amsterdam	52.37454	4.897976	Max	max@example.com	avatar-max.jpg	regular	Penthouse, 4-5 rooms + 5 balconies	This stylish apartment is located in the heart of the city. The apartment is spacious, light and fully equipped. It has a great location with a lot of shops, restaurants and bars in a walking distance.	We loved it so much, the house, the view, the location just great.. Highly recommend :)|I stayed here for one night and it was an unpleasant experience.|This villa is perfect in every way: the view on mountains and waterfalls, the hot tub and the villa itself. The evening here became a great continuation of our journeys over country.	5|2|4	offer-3.jpg	offer-3.jpg|offer-13.jpg|offer-9.jpg|offer-10.jpg|offer-11.jpg|offer-4.jpg	true	false	1.8	hotel	2	4	936273	Fridge|Baby seat|Dishwasher|Wi-Fi|Cable TV|Heating|Kitchen	52.384487	4.914553
Amsterdam	52.37454	4.897976	Max	max@example.com	avatar-max.jpg	regular	Waterfront with extraordinary view	This beautiful apartment is located in the heart of the city. The apartment is spacious, light and fully equipped. It has a great location with a lot of shops, restaurants and bars in a walking distance.	Home is amazing. It's like staying in a museum. The rooms, furnishings and artworks are incredible. The views of My Vesuvius|We loved it so much, the house, the view, the location just great.. Highly recommend :)|I stayed here for one night and it was an unpleasant experience.|This villa is perfect in every way: the view on mountains and waterfalls, the hot tub and the villa itself. The evening here became a great continuation of our journeys over country.	4|4|5|1	offer-2.jpg	offer-2.jpg|offer-14.jpg|offer-20.jpg|offer-3.jpg|offer-11.jpg|offer-1.jpg	false	false	1.5	house	2	4	843449	Washer|Towels|Fridge|Baby seat|Dishwasher|Wi-Fi|Cable TV|Heating|Kitchen	52.366311	4.9163559999999995
Paris	48.85661	2.351499	Angelina	angelina@example.com	avatar-angelina.jpg	pro	Waterfront with extraordinary view	Relax, rejuvenate and unplug in this ultimate rustic getaway experience in the country. In our beautiful screened Pondhouse, you can gaze at the stars and listen to the sounds of nature from your cozy warm bed.	We loved it so much, the house, the view, the location just great.. Highly recommend :)|I stayed here for one night and it was an unpleasant experience.|This villa is perfect in every way: the view on mountains and waterfalls, the hot tub and the villa itself. The evening here became a great continuation of our journeys over country.	2|4|3	offer-9.jpg	offer-9.jpg|offer-3.jpg|offer-7.jpg|offer-9.jpg|offer-8.jpg|offer-7.jpg	true	false	3.5	room	3	2	311465	Washer|Towels|Fridge|Baby seat|Dishwasher|Wi-Fi|Cable TV	48.838080000000005	2.388861
Brussels	50.846557	4.351697	Max	max@example.com	avatar-max.jpg	pro	The Joshua Tree House	I rent out a very sunny and bright apartment only 7 minutes walking distance to the metro station. The apartment has a spacious living room with a kitchen, one bedroom and a bathroom with mit bath. A terrace can be used in summer.	I stayed here for one night and it was an unpleasant experience.|This villa is perfect in every way: the view on mountains and waterfalls, the hot tub and the villa itself. The evening here became a great continuation of our journeys over country.	2|5	offer-16.jpg	offer-16.jpg|offer-16.jpg|offer-12.jpg|offer-5.jpg|offer-11.jpg|offer-18.jpg	true	true	1.2	apartment	1	2	768969	Fridge|Baby seat|Dishwasher|Wi-Fi|Cable TV|Heating|Kitchen	50.831408999999994	4.385191
Amsterdam	52.37454	4.897976	Max	max@example.com	avatar-max.jpg	pro	Beautiful & luxurious apartment at great location	I rent out a very sunny and bright apartment only 7 minutes walking distance to the metro station. The apartment has a spacious living room with a kitchen, one bedroom and a bathroom with mit bath. A terrace can be used in summer.	I stayed here for one night and it was an unpleasant experience.|This villa is perfect in every way: the view on mountains and waterfalls, the hot tub and the villa itself. The evening here became a great continuation of our journeys over country.	5|3	offer-5.jpg	offer-5.jpg|offer-12.jpg|offer-2.jpg|offer-7.jpg|offer-17.jpg|offer-2.jpg	false	true	4.1	room	2	4	368784	Air conditioning|Laptop friendly workspace|Washer|Towels|Fridge|Baby seat|Dishwasher|Wi-Fi	52.413925000000006	4.933797
Amsterdam	52.37454	4.897976	Max	max@example.com	avatar-max.jpg	regular	Cozy, clean, and stylish place in the heart of the city	I rent out a very sunny and bright apartment only 7 minutes walking distance to the metro station. The apartment has a spacious living room with a kitchen, one bedroom and a bathroom with mit bath. A terrace can be used in summer.	We loved it so much, the house, the view, the location just great.. Highly recommend :)|I stayed here for one night and it was an unpleasant experience.|This villa is perfect in every way: the view on mountains and waterfalls, the hot tub and the villa itself. The evening here became a great continuation of our journeys over country.	3|2|5	offer-17.jpg	offer-17.jpg|offer-13.jpg|offer-2.jpg|offer-9.jpg|offer-7.jpg|offer-1.jpg	false	false	2.9	house	3	4	132482	Kitchen|Washing machine	52.365917	4.89776
Dusseldorf	51.225402	6.776314	Angelina	angelina@example.com	avatar-angelina.jpg	pro	Perfectly located Castro	Discover daily local life in city center, friendly neighborhood, clandestine casino, karaoke, old-style artisans, art gallery and artist studio downstairs.			offer-10.jpg	offer-10.jpg|offer-7.jpg|offer-20.jpg|offer-11.jpg|offer-6.jpg|offer-18.jpg	true	true	4.1	apartment	5	1	631162	Fridge|Baby seat|Dishwasher|Wi-Fi|Cable TV|Heating	51.189581000000004	6.771305
Amsterdam	52.37454	4.897976	Angelina	angelina@example.com	avatar-angelina.jpg	pro	Beautiful & luxurious apartment at great location	This beautiful house is located in the heart of the city. The house is spacious, light and fully equipped. It has a great location with a lot of shops, restaurants and bars in a walking distance.	We loved it so much, the house, the view, the location just great.. Highly recommend :)|I stayed here for one night and it was an unpleasant experience.|This villa is perfect in every way: the view on mountains and waterfalls, the hot tub and the villa itself. The evening here became a great continuation of our journeys over country.	2|5|3	offer-4.jpg	offer-4.jpg|offer-3.jpg|offer-18.jpg|offer-4.jpg|offer-20.jpg|offer-12.jpg	true	false	3.5	apartment	2	1	223173	Air conditioning|Laptop friendly workspace	52.358091	4.924039
Cologne	50.938361	6.959974	Max	max@example.com	avatar-max.jpg	pro	Penthouse, 4-5 rooms + 5 balconies	This beautiful house is located in the heart of the city. The house is spacious, light and fully equipped. It has a great location with a lot of shops, restaurants and bars in a walking distance.	Home is amazing. It's like staying in a museum. The rooms, furnishings and artworks are incredible. The views of My Vesuvius|We loved it so much, the house, the view, the location just great.. Highly recommend :)|I stayed here for one night and it was an unpleasant experience.|This villa is perfect in every way: the view on mountains and waterfalls, the hot tub and the villa itself. The evening here became a great continuation of our journeys over country.	2|5|4|5	offer-7.jpg	offer-7.jpg|offer-15.jpg|offer-19.jpg|offer-17.jpg|offer-17.jpg|offer-17.jpg	false	false	2	hotel	1	3	567903	Air conditioning|Laptop friendly workspace|Washer|Towels|Fridge|Baby seat	50.951165	6.977862
Hamburg	53.550341	10.000654	Max	max@example.com	avatar-max.jpg	regular	Penthouse, 4-5 rooms + 5 balconies	This beautiful house is located in the heart of the city. The house is spacious, light and fully equipped. It has a great location with a lot of shops, restaurants and bars in a walking distance.	We loved it so much, the house, the view, the location just great.. Highly recommend :)|I stayed here for one night and it was an unpleasant experience.|This villa is perfect in every way: the view on mountains and waterfalls, the hot tub and the villa itself. The evening here became a great continuation of our journeys over country.	3|2|4	offer-9.jpg	offer-9.jpg|offer-18.jpg|offer-14.jpg|offer-19.jpg|offer-10.jpg|offer-14.jpg	true	false	4	room	4	2	352125	Kitchen|Washing machine	53.538322	9.981801
Cologne	50.938361	6.959974	Max	max@example.com	avatar-max.jpg	regular	Unique, cozy, and stylish house	This stylish apartment is located in the heart of the city. The apartment is spacious, light and fully equipped. It has a great location with a lot of shops, restaurants and bars in a walking distance.	This villa is perfect in every way: the view on mountains and waterfalls, the hot tub and the villa itself. The evening here became a great continuation of our journeys over country.	5	offer-13.jpg	offer-13.jpg|offer-15.jpg|offer-7.jpg|offer-14.jpg|offer-15.jpg|offer-3.jpg	false	false	1.1	house	5	4	578523	Cable TV|Heating|Kitchen|Washing machine	50.902048	6.975267
Brussels	50.846557	4.351697	Max	max@example.com	avatar-max.jpg	regular	Loft Studio in the Central Area	Relax, rejuvenate and unplug in this ultimate rustic getaway experience in the country. In our beautiful screened Pondhouse, you can gaze at the stars and listen to the sounds of nature from your cozy warm bed.	Home is amazing. It's like staying in a museum. The rooms, furnishings and artworks are incredible. The views of My Vesuvius|We loved it so much, the house, the view, the location just great.. Highly recommend :)	3|4	offer-8.jpg	offer-8.jpg|offer-13.jpg|offer-13.jpg|offer-13.jpg|offer-3.jpg|offer-10.jpg	false	false	1.2	house	5	2	154212	Air conditioning|Laptop friendly workspace|Washer	50.860989	4.374006
Dusseldorf	51.225402	6.776314	Angelina	angelina@example.com	avatar-angelina.jpg	regular	Cozy, clean, and stylish place in the heart of the city	This is a place for dreamers to reset, reflect, and create. Designed with a 'slow' pace in mind, our hope is that you enjoy every part of your stay; from making local coffee by drip in the morning, choosing the perfect record to put on as the sun sets.	Home is amazing. It's like staying in a museum. The rooms, furnishings and artworks are incredible. The views of My Vesuvius|We loved it so much, the house, the view, the location just great.. Highly recommend :)|I stayed here for one night and it was an unpleasant experience.|This villa is perfect in every way: the view on mountains and waterfalls, the hot tub and the villa itself. The evening here became a great continuation of our journeys over country.	4|3|4|4	offer-10.jpg	offer-10.jpg|offer-3.jpg|offer-20.jpg|offer-12.jpg|offer-4.jpg|offer-5.jpg	true	false	2.9	room	4	3	71530	Air conditioning|Laptop friendly workspace|Washer	51.192097000000004	6.771956
Amsterdam	52.37454	4.897976	Angelina	angelina@example.com	avatar-angelina.jpg	regular	The Joshua Tree House	This is a place for dreamers to reset, reflect, and create. Designed with a 'slow' pace in mind, our hope is that you enjoy every part of your stay; from making local coffee by drip in the morning, choosing the perfect record to put on as the sun sets.	Home is amazing. It's like staying in a museum. The rooms, furnishings and artworks are incredible. The views of My Vesuvius|We loved it so much, the house, the view, the location just great.. Highly recommend :)|I stayed here for one night and it was an unpleasant experience.|This villa is perfect in every way: the view on mountains and waterfalls, the hot tub and the villa itself. The evening here became a great continuation of our journeys over country.	5|3|4|4	offer-7.jpg	offer-7.jpg|offer-5.jpg|offer-16.jpg|offer-2.jpg|offer-11.jpg|offer-18.jpg	true	true	2.2	house	3	4	339315	Towels|Fridge|Baby seat|Dishwasher|Wi-Fi|Cable TV	52.377705000000006	4.913259
Brussels	50.846557	4.351697	Angelina	angelina@example.com	avatar-angelina.jpg	pro	Tile House	I rent out a very sunny and bright apartment only 7 minutes walking distance to the metro station. The apartment has a spacious living room with a kitchen, one bedroom and a bathroom with mit bath. A terrace can be used in summer.	I stayed here for one night and it was an unpleasant experience.|This villa is perfect in every way: the view on mountains and waterfalls, the hot tub and the villa itself. The evening here became a great continuation of our journeys over country.	2|4	offer-10.jpg	offer-10.jpg|offer-2.jpg|offer-3.jpg|offer-3.jpg|offer-12.jpg|offer-19.jpg	true	false	2	apartment	4	2	137473	Towels|Fridge|Baby seat|Dishwasher|Wi-Fi	50.81332	4.388116999999999
Paris	48.85661	2.351499	Angelina	angelina@example.com	avatar-angelina.jpg	pro	Loft Studio in the Central Area	Relax, rejuvenate and unplug in this ultimate rustic getaway experience in the country. In our beautiful screened Pondhouse, you can gaze at the stars and listen to the sounds of nature from your cozy warm bed.	I stayed here for one night and it was an unpleasant experience.|This villa is perfect in every way: the view on mountains and waterfalls, the hot tub and the villa itself. The evening here became a great continuation of our journeys over country.	3|1	offer-11.jpg	offer-11.jpg|offer-7.jpg|offer-17.jpg|offer-20.jpg|offer-11.jpg|offer-16.jpg	false	false	4.5	room	4	2	9360	Cable TV|Heating|Kitchen|Washing machine	48.889804000000005	2.326236
Brussels	50.846557	4.351697	Max	max@example.com	avatar-max.jpg	pro	Canal View Prinsengracht	Peaceful studio in the most wanted area in town. Quiet house Near of everything. Completely renovated. Lovely neighbourhood, lot of trendy shops, restaurants and bars in a walking distance.	Home is amazing. It's like staying in a museum. The rooms, furnishings and artworks are incredible. The views of My Vesuvius|We loved it so much, the house, the view, the location just great.. Highly recommend :)|I stayed here for one night and it was an unpleasant experience.|This villa is perfect in every way: the view on mountains and waterfalls, the hot tub and the villa itself. The evening here became a great continuation of our journeys over country.	1|4|1|3	offer-1.jpg	offer-1.jpg|offer-18.jpg|offer-14.jpg|offer-15.jpg|offer-11.jpg|offer-19.jpg	false	true	3.8	house	2	3	354894	Dishwasher|Wi-Fi|Cable TV|Heating|Kitchen|Washing machine	50.857130999999995	4.370476999999999
Cologne	50.938361	6.959974	Max	max@example.com	avatar-max.jpg	regular	Penthouse, 4-5 rooms + 5 balconies	This stylish apartment is located in the heart of the city. The apartment is spacious, light and fully equipped. It has a great location with a lot of shops, restaurants and bars in a walking distance.	This villa is perfect in every way: the view on mountains and waterfalls, the hot tub and the villa itself. The evening here became a great continuation of our journeys over country.	5	offer-14.jpg	offer-14.jpg|offer-19.jpg|offer-17.jpg|offer-20.jpg|offer-7.jpg|offer-5.jpg	true	true	1.3	room	4	4	875672	Washer|Towels|Fridge|Baby seat|Dishwasher|Wi-Fi|Cable TV|Heating|Kitchen	50.941616	6.939042
Brussels	50.846557	4.351697	Angelina	angelina@example.com	avatar-angelina.jpg	regular	Beautiful & luxurious apartment at great location	Relax, rejuvenate and unplug in this ultimate rustic getaway experience in the country. In our beautiful screened Pondhouse, you can gaze at the stars and listen to the sounds of nature from your cozy warm bed.	I stayed here for one night and it was an unpleasant experience.|This villa is perfect in every way: the view on mountains and waterfalls, the hot tub and the villa itself. The evening here became a great continuation of our journeys over country.	4|3	offer-15.jpg	offer-15.jpg|offer-14.jpg|offer-17.jpg|offer-20.jpg|offer-6.jpg|offer-13.jpg	true	true	4	house	2	3	808286	Towels|Fridge|Baby seat|Dishwasher|Wi-Fi|Cable TV|Heating|Kitchen	50.885209999999994	4.357635999999999
Brussels	50.846557	4.351697	Angelina	angelina@example.com	avatar-angelina.jpg	regular	Canal View Prinsengracht	Relax, rejuvenate and unplug in this ultimate rustic getaway experience in the country. In our beautiful screened Pondhouse, you can gaze at the stars and listen to the sounds of nature from your cozy warm bed.	This villa is perfect in every way: the view on mountains and waterfalls, the hot tub and the villa itself. The evening here became a great continuation of our journeys over country.	2	offer-5.jpg	offer-5.jpg|offer-12.jpg|offer-8.jpg|offer-4.jpg|offer-2.jpg|offer-2.jpg	false	true	2.4	room	4	3	670793	Kitchen|Washing machine	50.862721	4.358492999999999
Brussels	50.846557	4.351697	Max	max@example.com	avatar-max.jpg	regular	Unique, cozy, and stylish house	This beautiful house is located in the heart of the city. The house is spacious, light and fully equipped. It has a great location with a lot of shops, restaurants and bars in a walking distance.	The house is very good, very happy, hygienic and simple living conditions around it are also very good. I hope to have the opportunity|The deluxe room was a quite comfortable one with all the adequate facilities. The only thing that made me feel uncomfortable was the|Home is amazing. It's like staying in a museum. The rooms, furnishings and artworks are incredible. The views of My Vesuvius|We loved it so much, the house, the view, the location just great.. Highly recommend :)|I stayed here for one night and it was an unpleasant experience.	1|5|4|3|5	offer-15.jpg	offer-15.jpg|offer-14.jpg|offer-11.jpg|offer-15.jpg|offer-20.jpg|offer-1.jpg	true	true	3.8	room	1	2	899543	Heating|Kitchen|Washing machine	50.840106999999996	4.31793
Dusseldorf	51.225402	6.776314	Max	max@example.com	avatar-max.jpg	pro	Waterfront with extraordinary view	Relax, rejuvenate and unplug in this ultimate rustic getaway experience in the country. In our beautiful screened Pondhouse, you can gaze at the stars and listen to the sounds of nature from your cozy warm bed.	The house is very good, very happy, hygienic and simple living conditions around it are also very good. I hope to have the opportunity|The deluxe room was a quite comfortable one with all the adequate facilities. The only thing that made me feel uncomfortable was the|Home is amazing. It's like staying in a museum. The rooms, furnishings and artworks are incredible. The views of My Vesuvius|We loved it so much, the house, the view, the location just great.. Highly recommend :)	4|5|1|4	offer-7.jpg	offer-7.jpg|offer-14.jpg|offer-5.jpg|offer-2.jpg|offer-5.jpg|offer-3.jpg	false	true	3.6	apartment	3	2	886605	Washer|Towels|Fridge|Baby seat|Dishwasher|Wi-Fi|Cable TV|Heating|Kitchen|Washing machine	51.186674000000004	6.763413
Hamburg	53.550341	10.000654	Max	max@example.com	avatar-max.jpg	pro	Beautiful & luxurious apartment at great location	This stylish apartment is located in the heart of the city. The apartment is spacious, light and fully equipped. It has a great location with a lot of shops, restaurants and bars in a walking distance.	The deluxe room was a quite comfortable one with all the adequate facilities. The only thing that made me feel uncomfortable was the|Home is amazing. It's like staying in a museum. The rooms, furnishings and artworks are incredible. The views of My Vesuvius	5|2	offer-7.jpg	offer-7.jpg|offer-12.jpg|offer-10.jpg|offer-9.jpg|offer-14.jpg|offer-15.jpg	true	true	1.7	apartment	2	3	993705	Wi-Fi|Cable TV|Heating|Kitchen|Washing machine	53.543533000000004	10.027295
Paris	48.85661	2.351499	Max	max@example.com	avatar-max.jpg	pro	Perfectly located Castro	Relax, rejuvenate and unplug in this ultimate rustic getaway experience in the country. In our beautiful screened Pondhouse, you can gaze at the stars and listen to the sounds of nature from your cozy warm bed.	I stayed here for one night and it was an unpleasant experience.|This villa is perfect in every way: the view on mountains and waterfalls, the hot tub and the villa itself. The evening here became a great continuation of our journeys over country.	4|4	offer-3.jpg	offer-3.jpg|offer-3.jpg|offer-3.jpg|offer-7.jpg|offer-19.jpg|offer-19.jpg	true	false	2	house	2	3	668766	Baby seat|Dishwasher|Wi-Fi|Cable TV|Heating|Kitchen|Washing machine	48.896138	2.315385
Paris	48.85661	2.351499	Max	max@example.com	avatar-max.jpg	regular	Loft Studio in the Central Area	Discover daily local life in city center, friendly neighborhood, clandestine casino, karaoke, old-style artisans, art gallery and artist studio downstairs.	I stayed here for one night and it was an unpleasant experience.|This villa is perfect in every way: the view on mountains and waterfalls, the hot tub and the villa itself. The evening here became a great continuation of our journeys over country.	3|2	offer-13.jpg	offer-13.jpg|offer-14.jpg|offer-12.jpg|offer-3.jpg|offer-2.jpg|offer-9.jpg	true	true	4.2	house	3	4	47824	Laptop friendly workspace|Washer|Towels|Fridge|Baby seat|Dishwasher|Wi-Fi|Cable TV|Heating|Kitchen	48.868230000000004	2.317488
Brussels	50.846557	4.351697	Angelina	angelina@example.com	avatar-angelina.jpg	pro	Perfectly located Castro	This stylish apartment is located in the heart of the city. The apartment is spacious, light and fully equipped. It has a great location with a lot of shops, restaurants and bars in a walking distance.	I stayed here for one night and it was an unpleasant experience.|This villa is perfect in every way: the view on mountains and waterfalls, the hot tub and the villa itself. The evening here became a great continuation of our journeys over country.	4|2	offer-14.jpg	offer-14.jpg|offer-16.jpg|offer-2.jpg|offer-11.jpg|offer-2.jpg|offer-8.jpg	false	true	3.3	house	3	3	976448	Baby seat|Dishwasher|Wi-Fi|Cable TV|Heating|Kitchen|Washing machine	50.835741999999996	4.339557
Cologne	50.938361	6.959974	Max	max@example.com	avatar-max.jpg	regular	Canal View Prinsengracht	Discover daily local life in city center, friendly neighborhood, clandestine casino, karaoke, old-style artisans, art gallery and artist studio downstairs.	The house is very good, very happy, hygienic and simple living conditions around it are also very good. I hope to have the opportunity|The deluxe room was a quite comfortable one with all the adequate facilities. The only thing that made me feel uncomfortable was the	3|3	offer-20.jpg	offer-20.jpg|offer-16.jpg|offer-3.jpg|offer-13.jpg|offer-7.jpg|offer-4.jpg	true	true	3.9	room	3	3	545204	Laptop friendly workspace|Washer|Towels|Fridge|Baby seat	50.960033	6.932317
Paris	48.85661	2.351499	Max	max@example.com	avatar-max.jpg	pro	Canal View Prinsengracht	Discover daily local life in city center, friendly neighborhood, clandestine casino, karaoke, old-style artisans, art gallery and artist studio downstairs.	This villa is perfect in every way: the view on mountains and waterfalls, the hot tub and the villa itself. The evening here became a great continuation of our journeys over country.	1	offer-9.jpg	offer-9.jpg|offer-10.jpg|offer-17.jpg|offer-16.jpg|offer-18.jpg|offer-6.jpg	false	false	3.3	hotel	1	3	614946	Air conditioning|Laptop friendly workspace|Washer|Towels|Fridge|Baby seat|Dishwasher|Wi-Fi	48.82699100000001	2.339669
Amsterdam	52.37454	4.897976	Max	max@example.com	avatar-max.jpg	regular	Penthouse, 4-5 rooms + 5 balconies	This stylish apartment is located in the heart of the city. The apartment is spacious, light and fully equipped. It has a great location with a lot of shops, restaurants and bars in a walking distance.	We loved it so much, the house, the view, the location just great.. Highly recommend :)|I stayed here for one night and it was an unpleasant experience.|This villa is perfect in every way: the view on mountains and waterfalls, the hot tub and the villa itself. The evening here became a great continuation of our journeys over country.	3|1|3	offer-14.jpg	offer-14.jpg|offer-12.jpg|offer-9.jpg|offer-2.jpg|offer-18.jpg|offer-3.jpg	true	false	4.2	room	2	3	748608	Washing machine	52.375296000000006	4.917532
Cologne	50.938361	6.959974	Max	max@example.com	avatar-max.jpg	pro	Penthouse, 4-5 rooms + 5 balconies	This beautiful house is located in the heart of the city. The house is spacious, light and fully equipped. It has a great location with a lot of shops, restaurants and bars in a walking distance.	The deluxe room was a quite comfortable one with all the adequate facilities. The only thing that made me feel uncomfortable was the|Home is amazing. It's like staying in a museum. The rooms, furnishings and artworks are incredible. The views of My Vesuvius|We loved it so much, the house, the view, the location just great.. Highly recommend :)|I stayed here for one night and it was an unpleasant experience.	2|2|3|3	offer-5.jpg	offer-5.jpg|offer-7.jpg|offer-7.jpg|offer-18.jpg|offer-15.jpg|offer-17.jpg	true	false	3	apartment	4	4	63310	Baby seat|Dishwasher|Wi-Fi|Cable TV|Heating|Kitchen	50.957448	6.9679329999999995
Cologne	50.938361	6.959974	Angelina	angelina@example.com	avatar-angelina.jpg	pro	Beautiful & luxurious apartment at great location	Relax, rejuvenate and unplug in this ultimate rustic getaway experience in the country. In our beautiful screened Pondhouse, you can gaze at the stars and listen to the sounds of nature from your cozy warm bed.	Home is amazing. It's like staying in a museum. The rooms, furnishings and artworks are incredible. The views of My Vesuvius|We loved it so much, the house, the view, the location just great.. Highly recommend :)|I stayed here for one night and it was an unpleasant experience.|This villa is perfect in every way: the view on mountains and waterfalls, the hot tub and the villa itself. The evening here became a great continuation of our journeys over country.	1|4|2|3	offer-15.jpg	offer-15.jpg|offer-10.jpg|offer-4.jpg|offer-9.jpg|offer-12.jpg|offer-4.jpg	false	true	2.2	house	1	4	326736	Laptop friendly workspace|Washer|Towels|Fridge|Baby seat|Dishwasher|Wi-Fi|Cable TV	50.96599	6.941515
Amsterdam	52.37454	4.897976	Angelina	angelina@example.com	avatar-angelina.jpg	pro	Beautiful & luxurious apartment at great location	Peaceful studio in the most wanted area in town. Quiet house Near of everything. Completely renovated. Lovely neighbourhood, lot of trendy shops, restaurants and bars in a walking distance.	The house is very good, very happy, hygienic and simple living conditions around it are also very good. I hope to have the opportunity|The deluxe room was a quite comfortable one with all the adequate facilities. The only thing that made me feel uncomfortable was the|Home is amazing. It's like staying in a museum. The rooms, furnishings and artworks are incredible. The views of My Vesuvius	1|4|4	offer-8.jpg	offer-8.jpg|offer-8.jpg|offer-3.jpg|offer-3.jpg|offer-15.jpg|offer-17.jpg	false	true	3.7	apartment	1	3	435578	Breakfast|Air conditioning|Laptop friendly workspace|Washer|Towels|Fridge|Baby seat|Dishwasher|Wi-Fi|Cable TV|Heating	52.336600000000004	4.904769
Brussels	50.846557	4.351697	Max	max@example.com	avatar-max.jpg	regular	Unique, cozy, and stylish house	This stylish apartment is located in the heart of the city. The apartment is spacious, light and fully equipped. It has a great location with a lot of shops, restaurants and bars in a walking distance.	This villa is perfect in every way: the view on mountains and waterfalls, the hot tub and the villa itself. The evening here became a great continuation of our journeys over country.	2	offer-17.jpg	offer-17.jpg|offer-11.jpg|offer-13.jpg|offer-10.jpg|offer-15.jpg|offer-3.jpg	false	true	4.2	apartment	2	4	503632	Kitchen|Washing machine	50.873250999999996	4.31279
Hamburg	53.550341	10.000654	Angelina	angelina@example.com	avatar-angelina.jpg	regular	Unique, cozy, and stylish house	This beautiful apartment is located in the heart of the city. The apartment is spacious, light and fully equipped. It has a great location with a lot of shops, restaurants and bars in a walking distance.	I stayed here for one night and it was an unpleasant experience.|This villa is perfect in every way: the view on mountains and waterfalls, the hot tub and the villa itself. The evening here became a great continuation of our journeys over country.	1|2	offer-15.jpg	offer-15.jpg|offer-10.jpg|offer-14.jpg|offer-15.jpg|offer-10.jpg|offer-13.jpg	true	false	2.1	hotel	4	2	491622	Laptop friendly workspace|Washer|Towels|Fridge|Baby seat|Dishwasher|Wi-Fi|Cable TV|Heating	53.575236000000004	9.974766
Cologne	50.938361	6.959974	Max	max@example.com	avatar-max.jpg	regular	The Pondhouse - A Magical Place	This beautiful house is located in the heart of the city. The house is spacious, light and fully equipped. It has a great location with a lot of shops, restaurants and bars in a walking distance.	Home is amazing. It's like staying in a museum. The rooms, furnishings and artworks are incredible. The views of My Vesuvius|We loved it so much, the house, the view, the location just great.. Highly recommend :)|I stayed here for one night and it was an unpleasant experience.	1|2|1	offer-19.jpg	offer-19.jpg|offer-17.jpg|offer-8.jpg|offer-2.jpg|offer-11.jpg|offer-11.jpg	true	true	2.4	room	5	2	841321	Air conditioning|Laptop friendly workspace|Washer|Towels|Fridge|Baby seat|Dishwasher|Wi-Fi	50.962532	6.957828
Paris	48.85661	2.351499	Max	max@example.com	avatar-max.jpg	regular	Beautiful & luxurious apartment at great location	This beautiful house is located in the heart of the city. The house is spacious, light and fully equipped. It has a great location with a lot of shops, restaurants and bars in a walking distance.	I stayed here for one night and it was an unpleasant experience.|This villa is perfect in every way: the view on mountains and waterfalls, the hot tub and the villa itself. The evening here became a great continuation of our journeys over country.	4|3	offer-7.jpg	offer-7.jpg|offer-17.jpg|offer-4.jpg|offer-11.jpg|offer-9.jpg|offer-3.jpg	false	false	1.9	house	1	5	28067	Cable TV|Heating|Kitchen|Washing machine	48.84522200000001	2.352532
Brussels	50.846557	4.351697	Max	max@example.com	avatar-max.jpg	regular	Canal View Prinsengracht	This beautiful apartment is located in the heart of the city. The apartment is spacious, light and fully equipped. It has a great location with a lot of shops, restaurants and bars in a walking distance.	The house is very good, very happy, hygienic and simple living conditions around it are also very good. I hope to have the opportunity|The deluxe room was a quite comfortable one with all the adequate facilities. The only thing that made me feel uncomfortable was the|Home is amazing. It's like staying in a museum. The rooms, furnishings and artworks are incredible. The views of My Vesuvius	3|3|1	offer-7.jpg	offer-7.jpg|offer-15.jpg|offer-8.jpg|offer-3.jpg|offer-18.jpg|offer-13.jpg	true	false	1.3	house	2	4	832068	Baby seat|Dishwasher|Wi-Fi|Cable TV|Heating|Kitchen|Washing machine	50.863887	4.349044
Brussels	50.846557	4.351697	Angelina	angelina@example.com	avatar-angelina.jpg	pro	Beautiful & luxurious apartment at great location	This is a place for dreamers to reset, reflect, and create. Designed with a 'slow' pace in mind, our hope is that you enjoy every part of your stay; from making local coffee by drip in the morning, choosing the perfect record to put on as the sun sets.	Home is amazing. It's like staying in a museum. The rooms, furnishings and artworks are incredible. The views of My Vesuvius|We loved it so much, the house, the view, the location just great.. Highly recommend :)|I stayed here for one night and it was an unpleasant experience.|This villa is perfect in every way: the view on mountains and waterfalls, the hot tub and the villa itself. The evening here became a great continuation of our journeys over country.	4|3|3|5	offer-10.jpg	offer-10.jpg|offer-9.jpg|offer-4.jpg|offer-1.jpg|offer-11.jpg|offer-12.jpg	true	true	1.1	house	4	2	253788	Washer|Towels|Fridge|Baby seat|Dishwasher|Wi-Fi	50.875743	4.375840999999999
Amsterdam	52.37454	4.897976	Max	max@example.com	avatar-max.jpg	regular	Waterfront with extraordinary view	This stylish apartment is located in the heart of the city. The apartment is spacious, light and fully equipped. It has a great location with a lot of shops, restaurants and bars in a walking distance.	The deluxe room was a quite comfortable one with all the adequate facilities. The only thing that made me feel uncomfortable was the|Home is amazing. It's like staying in a museum. The rooms, furnishings and artworks are incredible. The views of My Vesuvius|We loved it so much, the house, the view, the location just great.. Highly recommend :)|I stayed here for one night and it was an unpleasant experience.	1|1|3|1	offer-7.jpg	offer-7.jpg|offer-14.jpg|offer-6.jpg|offer-1.jpg|offer-19.jpg|offer-5.jpg	true	true	3.1	apartment	2	1	16106	Fridge|Baby seat|Dishwasher|Wi-Fi|Cable TV|Heating|Kitchen|Washing machine	52.397053	4.891789
Brussels	50.846557	4.351697	Max	max@example.com	avatar-max.jpg	pro	Canal View Prinsengracht	This stylish apartment is located in the heart of the city. The apartment is spacious, light and fully equipped. It has a great location with a lot of shops, restaurants and bars in a walking distance.	We loved it so much, the house, the view, the location just great.. Highly recommend :)|I stayed here for one night and it was an unpleasant experience.|This villa is perfect in every way: the view on mountains and waterfalls, the hot tub and the villa itself. The evening here became a great continuation of our journeys over country.	3|4|5	offer-5.jpg	offer-5.jpg|offer-4.jpg|offer-3.jpg|offer-11.jpg|offer-15.jpg|offer-10.jpg	true	false	4.4	house	4	3	946960	Kitchen|Washing machine	50.809078	4.321853
Hamburg	53.550341	10.000654	Angelina	angelina@example.com	avatar-angelina.jpg	regular	Unique, cozy, and stylish house	This beautiful apartment is located in the heart of the city. The apartment is spacious, light and fully equipped. It has a great location with a lot of shops, restaurants and bars in a walking distance.	We loved it so much, the house, the view, the location just great.. Highly recommend :)|I stayed here for one night and it was an unpleasant experience.|This villa is perfect in every way: the view on mountains and waterfalls, the hot tub and the villa itself. The evening here became a great continuation of our journeys over country.	1|4|4	offer-11.jpg	offer-11.jpg|offer-11.jpg|offer-12.jpg|offer-17.jpg|offer-16.jpg|offer-15.jpg	false	false	3.9	house	3	2	997561	Heating|Kitchen|Washing machine	53.58771	10.031857
Paris	48.85661	2.351499	Max	max@example.com	avatar-max.jpg	pro	Cozy, clean, and stylish place in the heart of the city	This stylish apartment is located in the heart of the city. The apartment is spacious, light and fully equipped. It has a great location with a lot of shops, restaurants and bars in a walking distance.	The house is very good, very happy, hygienic and simple living conditions around it are also very good. I hope to have the opportunity|The deluxe room was a quite comfortable one with all the adequate facilities. The only thing that made me feel uncomfortable was the|Home is amazing. It's like staying in a museum. The rooms, furnishings and artworks are incredible. The views of My Vesuvius|We loved it so much, the house, the view, the location just great.. Highly recommend :)	4|3|2|5	offer-3.jpg	offer-3.jpg|offer-11.jpg|offer-17.jpg|offer-8.jpg|offer-16.jpg|offer-16.jpg	false	false	3.1	room	1	5	347040	Kitchen|Washing machine	48.835402	2.335582
Amsterdam	52.37454	4.897976	Max	max@example.com	avatar-max.jpg	pro	Canal View Prinsengracht	This beautiful apartment is located in the heart of the city. The apartment is spacious, light and fully equipped. It has a great location with a lot of shops, restaurants and bars in a walking distance.	The deluxe room was a quite comfortable one with all the adequate facilities. The only thing that made me feel uncomfortable was the|Home is amazing. It's like staying in a museum. The rooms, furnishings and artworks are incredible. The views of My Vesuvius|We loved it so much, the house, the view, the location just great.. Highly recommend :)|I stayed here for one night and it was an unpleasant experience.|This villa is perfect in every way: the view on mountains and waterfalls, the hot tub and the villa itself. The evening here became a great continuation of our journeys over country.	3|5|4|4|2	offer-1.jpg	offer-1.jpg|offer-11.jpg|offer-8.jpg|offer-2.jpg|offer-4.jpg|offer-8.jpg	false	true	2.1	house	2	5	789343	Heating|Kitchen|Washing machine	52.379151	4.863895
Hamburg	53.550341	10.000654	Angelina	angelina@example.com	avatar-angelina.jpg	pro	Penthouse, 4-5 rooms + 5 balconies	I rent out a very sunny and bright apartment only 7 minutes walking distance to the metro station. The apartment has a spacious living room with a kitchen, one bedroom and a bathroom with mit bath. A terrace can be used in summer.	The deluxe room was a quite comfortable one with all the adequate facilities. The only thing that made me feel uncomfortable was the	1	offer-7.jpg	offer-7.jpg|offer-16.jpg|offer-4.jpg|offer-11.jpg|offer-12.jpg|offer-9.jpg	false	true	3.1	room	4	4	224246	Towels|Fridge|Baby seat|Dishwasher|Wi-Fi|Cable TV|Heating|Kitchen|Washing machine	53.521487	9.996131
Brussels	50.846557	4.351697	Max	max@example.com	avatar-max.jpg	regular	Beautiful & luxurious apartment at great location	This beautiful house is located in the heart of the city. The house is spacious, light and fully equipped. It has a great location with a lot of shops, restaurants and bars in a walking distance.	The deluxe room was a quite comfortable one with all the adequate facilities. The only thing that made me feel uncomfortable was the|Home is amazing. It's like staying in a museum. The rooms, furnishings and artworks are incredible. The views of My Vesuvius|We loved it so much, the house, the view, the location just great.. Highly recommend :)|I stayed here for one night and it was an unpleasant experience.|This villa is perfect in every way: the view on mountains and waterfalls, the hot tub and the villa itself. The evening here became a great continuation of our journeys over country.	4|5|4|5|2	offer-12.jpg	offer-12.jpg|offer-3.jpg|offer-7.jpg|offer-11.jpg|offer-12.jpg|offer-12.jpg	true	false	2.3	room	3	3	398893	Kitchen|Washing machine	50.827492	4.329377
Cologne	50.938361	6.959974	Max	max@example.com	avatar-max.jpg	pro	Perfectly located Castro	This is a place for dreamers to reset, reflect, and create. Designed with a 'slow' pace in mind, our hope is that you enjoy every part of your stay; from making local coffee by drip in the morning, choosing the perfect record to put on as the sun sets.	We loved it so much, the house, the view, the location just great.. Highly recommend :)|I stayed here for one night and it was an unpleasant experience.|This villa is perfect in every way: the view on mountains and waterfalls, the hot tub and the villa itself. The evening here became a great continuation of our journeys over country.	1|4|3	offer-10.jpg	offer-10.jpg|offer-13.jpg|offer-17.jpg|offer-5.jpg|offer-4.jpg|offer-14.jpg	true	false	4.3	room	1	1	542717	Heating|Kitchen|Washing machine	50.975333	6.920943
Hamburg	53.550341	10.000654	Angelina	angelina@example.com	avatar-angelina.jpg	regular	The Joshua Tree House	This beautiful house is located in the heart of the city. The house is spacious, light and fully equipped. It has a great location with a lot of shops, restaurants and bars in a walking distance.	This villa is perfect in every way: the view on mountains and waterfalls, the hot tub and the villa itself. The evening here became a great continuation of our journeys over country.	4	offer-16.jpg	offer-16.jpg|offer-3.jpg|offer-13.jpg|offer-16.jpg|offer-19.jpg|offer-13.jpg	false	true	3.8	house	2	4	388347	Dishwasher|Wi-Fi|Cable TV|Heating|Kitchen|Washing machine	53.537309	9.963255
Paris	48.85661	2.351499	Max	max@example.com	avatar-max.jpg	pro	Canal View Prinsengracht	This beautiful house is located in the heart of the city. The house is spacious, light and fully equipped. It has a great location with a lot of shops, restaurants and bars in a walking distance.	Home is amazing. It's like staying in a museum. The rooms, furnishings and artworks are incredible. The views of My Vesuvius|We loved it so much, the house, the view, the location just great.. Highly recommend :)|I stayed here for one night and it was an unpleasant experience.|This villa is perfect in every way: the view on mountains and waterfalls, the hot tub and the villa itself. The evening here became a great continuation of our journeys over country.	2|2|2|4	offer-14.jpg	offer-14.jpg|offer-11.jpg|offer-17.jpg|offer-10.jpg|offer-15.jpg|offer-11.jpg	true	true	2.8	hotel	3	2	391488	Baby seat|Dishwasher|Wi-Fi|Cable TV|Heating|Kitchen|Washing machine	48.818905	2.383905
Hamburg	53.550341	10.000654	Max	max@example.com	avatar-max.jpg	regular	Penthouse, 4-5 rooms + 5 balconies	This is a place for dreamers to reset, reflect, and create. Designed with a 'slow' pace in mind, our hope is that you enjoy every part of your stay; from making local coffee by drip in the morning, choosing the perfect record to put on as the sun sets.	I stayed here for one night and it was an unpleasant experience.|This villa is perfect in every way: the view on mountains and waterfalls, the hot tub and the villa itself. The evening here became a great continuation of our journeys over country.	2|3	offer-7.jpg	offer-7.jpg|offer-4.jpg|offer-13.jpg|offer-12.jpg|offer-13.jpg|offer-3.jpg	true	false	4.9	house	2	4	595273	Fridge|Baby seat|Dishwasher|Wi-Fi|Cable TV|Heating|Kitchen	53.542362000000004	10.032298
Hamburg	53.550341	10.000654	Max	max@example.com	avatar-max.jpg	regular	Canal View Prinsengracht	This beautiful house is located in the heart of the city. The house is spacious, light and fully equipped. It has a great location with a lot of shops, restaurants and bars in a walking distance.	I stayed here for one night and it was an unpleasant experience.|This villa is perfect in every way: the view on mountains and waterfalls, the hot tub and the villa itself. The evening here became a great continuation of our journeys over country.	5|1	offer-18.jpg	offer-18.jpg|offer-5.jpg|offer-7.jpg|offer-7.jpg|offer-13.jpg|offer-1.jpg	true	true	2.1	house	1	3	876912	Wi-Fi|Cable TV|Heating|Kitchen|Washing machine	53.526022000000005	10.016977
Cologne	50.938361	6.959974	Angelina	angelina@example.com	avatar-angelina.jpg	pro	Unique, cozy, and stylish house	Relax, rejuvenate and unplug in this ultimate rustic getaway experience in the country. In our beautiful screened Pondhouse, you can gaze at the stars and listen to the sounds of nature from your cozy warm bed.	The deluxe room was a quite comfortable one with all the adequate facilities. The only thing that made me feel uncomfortable was the|Home is amazing. It's like staying in a museum. The rooms, furnishings and artworks are incredible. The views of My Vesuvius|We loved it so much, the house, the view, the location just great.. Highly recommend :)|I stayed here for one night and it was an unpleasant experience.|This villa is perfect in every way: the view on mountains and waterfalls, the hot tub and the villa itself. The evening here became a great continuation of our journeys over country.	5|2|4|3|2	offer-2.jpg	offer-2.jpg|offer-15.jpg|offer-12.jpg|offer-5.jpg|offer-18.jpg|offer-5.jpg	true	false	4.2	hotel	4	2	351291	Towels|Fridge|Baby seat|Dishwasher|Wi-Fi|Cable TV	50.910858	6.97435
Dusseldorf	51.225402	6.776314	Angelina	angelina@example.com	avatar-angelina.jpg	regular	Loft Studio in the Central Area	Relax, rejuvenate and unplug in this ultimate rustic getaway experience in the country. In our beautiful screened Pondhouse, you can gaze at the stars and listen to the sounds of nature from your cozy warm bed.	We loved it so much, the house, the view, the location just great.. Highly recommend :)|I stayed here for one night and it was an unpleasant experience.|This villa is perfect in every way: the view on mountains and waterfalls, the hot tub and the villa itself. The evening here became a great continuation of our journeys over country.	4|2|1	offer-15.jpg	offer-15.jpg|offer-15.jpg|offer-6.jpg|offer-6.jpg|offer-16.jpg|offer-17.jpg	false	false	1.5	house	2	4	820846	Cable TV|Heating|Kitchen|Washing machine	51.196131	6.777902
Amsterdam	52.37454	4.897976	Max	max@example.com	avatar-max.jpg	regular	The Joshua Tree House	This beautiful house is located in the heart of the city. The house is spacious, light and fully equipped. It has a great location with a lot of shops, restaurants and bars in a walking distance.	The deluxe room was a quite comfortable one with all the adequate facilities. The only thing that made me feel uncomfortable was the|Home is amazing. It's like staying in a museum. The rooms, furnishings and artworks are incredible. The views of My Vesuvius|We loved it so much, the house, the view, the location just great.. Highly recommend :)|I stayed here for one night and it was an unpleasant experience.	4|3|4|5	offer-17.jpg	offer-17.jpg|offer-1.jpg|offer-4.jpg|offer-19.jpg|offer-3.jpg|offer-2.jpg	true	false	3.2	apartment	4	2	641399	Towels|Fridge|Baby seat|Dishwasher|Wi-Fi|Cable TV|Heating|Kitchen	52.372884000000006	4.900478
Paris	48.85661	2.351499	Angelina	angelina@example.com	avatar-angelina.jpg	regular	The Joshua Tree House	Discover daily local life in city center, friendly neighborhood, clandestine casino, karaoke, old-style artisans, art gallery and artist studio downstairs.	This villa is perfect in every way: the view on mountains and waterfalls, the hot tub and the villa itself. The evening here became a great continuation of our journeys over country.	1	offer-20.jpg	offer-20.jpg|offer-14.jpg|offer-10.jpg|offer-1.jpg|offer-19.jpg|offer-15.jpg	true	false	1.4	hotel	5	4	258513	Kitchen|Washing machine	48.890838	2.328686
Paris	48.85661	2.351499	Max	max@example.com	avatar-max.jpg	regular	Tile House	This beautiful house is located in the heart of the city. The house is spacious, light and fully equipped. It has a great location with a lot of shops, restaurants and bars in a walking distance.	This villa is perfect in every way: the view on mountains and waterfalls, the hot tub and the villa itself. The evening here became a great continuation of our journeys over country.	4	offer-12.jpg	offer-12.jpg|offer-8.jpg|offer-10.jpg|offer-17.jpg|offer-8.jpg|offer-10.jpg	true	false	3.4	hotel	1	5	918692	Kitchen|Washing machine	48.866479000000005	2.317997
Paris	48.85661	2.351499	Max	max@example.com	avatar-max.jpg	pro	Beautiful & luxurious apartment at great location	I rent out a very sunny and bright apartment only 7 minutes walking distance to the metro station. The apartment has a spacious living room with a kitchen, one bedroom and a bathroom with mit bath. A terrace can be used in summer.	This villa is perfect in every way: the view on mountains and waterfalls, the hot tub and the villa itself. The evening here became a great continuation of our journeys over country.	4	offer-17.jpg	offer-17.jpg|offer-5.jpg|offer-4.jpg|offer-18.jpg|offer-6.jpg|offer-18.jpg	false	false	3.3	apartment	3	4	964532	Cable TV|Heating|Kitchen|Washing machine	48.87886700000001	2.386203
Cologne	50.938361	6.959974	Max	max@example.com	avatar-max.jpg	pro	Penthouse, 4-5 rooms + 5 balconies	Relax, rejuvenate and unplug in this ultimate rustic getaway experience in the country. In our beautiful screened Pondhouse, you can gaze at the stars and listen to the sounds of nature from your cozy warm bed.	Home is amazing. It's like staying in a museum. The rooms, furnishings and artworks are incredible. The views of My Vesuvius|We loved it so much, the house, the view, the location just great.. Highly recommend :)|I stayed here for one night and it was an unpleasant experience.|This villa is perfect in every way: the view on mountains and waterfalls, the hot tub and the villa itself. The evening here became a great continuation of our journeys over country.	2|2|3|5	offer-15.jpg	offer-15.jpg|offer-9.jpg|offer-9.jpg|offer-3.jpg|offer-16.jpg|offer-4.jpg	false	true	4	room	4	4	871157	Baby seat|Dishwasher|Wi-Fi|Cable TV|Heating|Kitchen|Washing machine	50.946433	6.978219
Hamburg	53.550341	10.000654	Angelina	angelina@example.com	avatar-angelina.jpg	pro	Loft Studio in the Central Area	This beautiful house is located in the heart of the city. The house is spacious, light and fully equipped. It has a great location with a lot of shops, restaurants and bars in a walking distance.	We loved it so much, the house, the view, the location just great.. Highly recommend :)|I stayed here for one night and it was an unpleasant experience.|This villa is perfect in every way: the view on mountains and waterfalls, the hot tub and the villa itself. The evening here became a great continuation of our journeys over country.	3|2|5	offer-12.jpg	offer-12.jpg|offer-20.jpg|offer-15.jpg|offer-1.jpg|offer-4.jpg|offer-9.jpg	true	false	2.7	hotel	5	1	905409	Cable TV|Heating|Kitchen|Washing machine	53.564204000000004	9.970264
Amsterdam	52.37454	4.897976	Angelina	angelina@example.com	avatar-angelina.jpg	pro	The Pondhouse - A Magical Place	Discover daily local life in city center, friendly neighborhood, clandestine casino, karaoke, old-style artisans, art gallery and artist studio downstairs.	This villa is perfect in every way: the view on mountains and waterfalls, the hot tub and the villa itself. The evening here became a great continuation of our journeys over country.	4	offer-16.jpg	offer-16.jpg|offer-15.jpg|offer-12.jpg|offer-9.jpg|offer-5.jpg|offer-2.jpg	true	true	4.1	house	4	4	989181	Kitchen|Washing machine	52.384552000000006	4.9152499999999995
Hamburg	53.550341	10.000654	Angelina	angelina@example.com	avatar-angelina.jpg	pro	Loft Studio in the Central Area	Relax, rejuvenate and unplug in this ultimate rustic getaway experience in the country. In our beautiful screened Pondhouse, you can gaze at the stars and listen to the sounds of nature from your cozy warm bed.	I stayed here for one night and it was an unpleasant experience.|This villa is perfect in every way: the view on mountains and waterfalls, the hot tub and the villa itself. The evening here became a great continuation of our journeys over country.	2|1	offer-6.jpg	offer-6.jpg|offer-12.jpg|offer-5.jpg|offer-20.jpg|offer-11.jpg|offer-16.jpg	false	true	2.7	house	2	4	352060	Towels|Fridge|Baby seat|Dishwasher|Wi-Fi|Cable TV|Heating|Kitchen|Washing machine	53.589442000000005	9.997797
Cologne	50.938361	6.959974	Max	max@example.com	avatar-max.jpg	pro	The Joshua Tree House	I rent out a very sunny and bright apartment only 7 minutes walking distance to the metro station. The apartment has a spacious living room with a kitchen, one bedroom and a bathroom with mit bath. A terrace can be used in summer.	We loved it so much, the house, the view, the location just great.. Highly recommend :)|I stayed here for one night and it was an unpleasant experience.|This villa is perfect in every way: the view on mountains and waterfalls, the hot tub and the villa itself. The evening here became a great continuation of our journeys over country.	3|3|4	offer-6.jpg	offer-6.jpg|offer-6.jpg|offer-19.jpg|offer-14.jpg|offer-17.jpg|offer-17.jpg	false	false	1.1	hotel	1	1	346251	Wi-Fi|Cable TV|Heating|Kitchen|Washing machine	50.921209	6.95422
Brussels	50.846557	4.351697	Angelina	angelina@example.com	avatar-angelina.jpg	regular	Waterfront with extraordinary view	Relax, rejuvenate and unplug in this ultimate rustic getaway experience in the country. In our beautiful screened Pondhouse, you can gaze at the stars and listen to the sounds of nature from your cozy warm bed.	This villa is perfect in every way: the view on mountains and waterfalls, the hot tub and the villa itself. The evening here became a great continuation of our journeys over country.	4	offer-3.jpg	offer-3.jpg|offer-18.jpg|offer-10.jpg|offer-18.jpg|offer-9.jpg|offer-16.jpg	false	true	2.8	hotel	4	3	322488	Washing machine	50.820724999999996	4.363071
Brussels	50.846557	4.351697	Max	max@example.com	avatar-max.jpg	pro	Waterfront with extraordinary view	Relax, rejuvenate and unplug in this ultimate rustic getaway experience in the country. In our beautiful screened Pondhouse, you can gaze at the stars and listen to the sounds of nature from your cozy warm bed.	The deluxe room was a quite comfortable one with all the adequate facilities. The only thing that made me feel uncomfortable was the|Home is amazing. It's like staying in a museum. The rooms, furnishings and artworks are incredible. The views of My Vesuvius|We loved it so much, the house, the view, the location just great.. Highly recommend :)|I stayed here for one night and it was an unpleasant experience.	2|4|1|4	offer-11.jpg	offer-11.jpg|offer-14.jpg|offer-8.jpg|offer-2.jpg|offer-7.jpg|offer-6.jpg	true	true	3.7	hotel	2	2	399254	Washer|Towels|Fridge|Baby seat	50.817966999999996	4.336061
Paris	48.85661	2.351499	Max	max@example.com	avatar-max.jpg	regular	Perfectly located Castro	Peaceful studio in the most wanted area in town. Quiet house Near of everything. Completely renovated. Lovely neighbourhood, lot of trendy shops, restaurants and bars in a walking distance.	The house is very good, very happy, hygienic and simple living conditions around it are also very good. I hope to have the opportunity|The deluxe room was a quite comfortable one with all the adequate facilities. The only thing that made me feel uncomfortable was the|Home is amazing. It's like staying in a museum. The rooms, furnishings and artworks are incredible. The views of My Vesuvius	2|4|1	offer-6.jpg	offer-6.jpg|offer-9.jpg|offer-19.jpg|offer-3.jpg|offer-3.jpg|offer-19.jpg	true	true	4.2	house	2	3	687464	Laptop friendly workspace|Washer|Towels|Fridge|Baby seat|Dishwasher|Wi-Fi|Cable TV|Heating|Kitchen|Washing machine	48.87872900000001	2.351116
